Yes - very frequently	0.338168751664
Yes - frequently	0.437150652116
Yes - once in a while	0.19047777482
Don't know	0.00968192706947
No	0.0158703752994